K_Tr_AB_nCi_3_M25(M8)_SS7_T_KA_a-e-v_MID,N3_TrB_AB_nCi_3_M26(M11)_MP2_T_LGA[0.0-1.0]_r-p_MID,P2_B_AB_nCi_2_NS3_H_T_LGP[2-4]_c-h_MAS,SD_B_AB_Ci(2.0;-2.0)_2_MP7_H_n_X_LGP[4-6]_e-p_MAS,GV[5]_K_Tr_AB_nCi_3_M22(M1)_NS1_T_KA_m-a-c_MID,AC[5]_K_TrC_AB_nCi_3_M21(M1)_NS4_C_KA_m_MID,AC[3]_N2_Tr_AB_nCi_3_M20(M13)_MP2_C_KA_r-p-c_MID,N3_B_AB_nCi_2_SS8_C_LGP[1]_r-c_MAS,Q2_B_AB_nCi_2_SS1_T_LGP[1;2;6]_c-p_MAS,GV[6]_N2_Tr_AB_nCi_3_M20(M13)_MP4_T_LG3L[1-2]_LGL[1-2]_v-p-c_MID,MX_B_AB_nCi_2_SS6_T_LGP[1;2;6]_r-c_MAS,pIC50
3.101286252,0.524799241,1.310018984,0.01701298,0.483144007,0,0,0,0.024330878,1.21E-04,0.165111241,4.813693616
-0.713588702,0.567927127,1.121930257,0.017302668,14.86897065,0,0,0,0.002129158,7.47E-06,0.131527117,4.709208817
-0.76156684,0.572883396,1.109810921,0.01800808,6.506595561,0,0,0,0.00458481,1.40E-05,0.156370143,4.628913658
3.999211151,0.53579406,1.234811492,0.019384014,14.89454932,7.395713625,0.001295952,-0.024489685,0.037732308,0.00251585,0.16177276,4.592201339
4.719686839,0.55499408,1.420263945,0.021408649,5.838708069,0,0,0,0.024704938,6.95E-04,0.246819201,4.257321992
4.722498097,0.585461209,1.408197217,0.023625008,3.322189104,0,0,0,0.024665063,5.23E-04,0.192478164,5.058985756
4.954867572,0.575687692,1.406338985,0.021521836,12.11479085,0,0,0,0.024665061,4.34E-04,0.166719286,4.505831487
3.344347926,0.556999778,1.306593475,0.020636181,5.018349717,4.529409081,0.00108135,-0.017068536,0.024469194,5.01E-04,0.213733497,4.095663208
3.450570845,0.591427847,1.35474921,0.032690932,6.310813755,5.355881115,8.82E-04,-0.01871555,0.002206697,8.09E-04,0.234780527,5.460547508
5.793376033,0.586885367,1.295684036,0.022866229,15.92531979,16,9.09E-04,-0.019740614,0.024399553,7.03E-04,0.182148243,4.135056027
3.516181333,0.541489142,1.289989211,0.027358389,12.70609589,4.856291769,6.92E-04,-0.016299012,0.024468958,4.07E-04,0.187002565,4.301238507
1.484627532,0.563457252,1.259034398,0.031823915,0.624079509,21.99979777,0.00167808,-0.021533662,0.002123769,0.010379855,0.20352607,5.103639155
-0.192713503,0.575888776,1.171217782,0.017551221,6.773279992,3.153040797,9.13E-05,0.001972903,0.024750012,4.47E-05,0.171811995,4.529119302
3.416298602,0.445434898,1.430460577,0.02648659,4.937209995,18.7441626,5.77E-04,0.027644267,0.025896248,0.00900183,0.338536832,5.229147988
4.307062784,0.489510988,1.39746992,0.027278545,9.578269576,25.56943555,0.001654673,0.006363255,-0.002907596,0.008562809,0.32965076,4.996539468
3.261880772,0.438388024,1.445940625,0.026305345,11.45686841,31,5.57E-04,0.027287777,0.025871222,0.009064256,0.338542519,4.326610422
3.376044918,0.472820803,1.458481316,0.028953655,12.40233344,23.92782225,6.22E-04,0.026722665,0.008333494,0.009524388,0.338547565,4.384997385
2.78917875,0.444260763,1.408258641,0.020590041,1.592655358,18.13427474,0.006170875,0.050735769,-5.49E-04,0.047519955,0.205673704,7.97689434
2.733985742,0.426024462,1.426991578,0.020018732,1.372267011,22.25870601,0.005499366,0.051374913,0.032883319,0.044537421,0.22246775,7.662582133
2.659532792,0.41880437,1.426520664,0.019292174,1.512042182,48.99999337,0.00563964,0.050850298,0.137489456,0.044817172,0.205673704,7.297793877
3.07083357,0.4286039,1.387644765,0.019843526,1.281241954,22.25928607,0.005688868,0.051281146,0.021632823,0.044676418,0.205673952,7.4158226
2.610676817,0.424605665,1.394763392,0.019367307,1.627796489,18.63458505,0.005867196,0.050929331,0.121897228,0.04709017,0.205673708,7.172572856
2.600025124,0.422696619,1.39765904,0.019208413,26.77669054,48.99999766,0.005973831,0.050849676,0.124069477,0.04737358,0.205673704,6.355576109
2.679292616,0.424527969,1.385977399,0.0193931,1.786742197,18.68060423,0.00597279,0.050926133,0.101821527,0.047136575,0.205673707,7.143117876
2.613081633,0.423601277,1.38851403,0.019220256,7.190196073,48.99986424,0.00605873,0.050849447,0.102574472,0.047387828,0.205673704,6.304509611
2.297478105,0.422365417,1.35614883,0.019863836,1.064522548,21.7535995,0.005678746,0.050912841,0.046742984,0.04446306,0.205673703,7.363518757
2.754839003,0.421579915,1.359421879,0.019726276,5.574248673,48.99997357,0.00595877,0.050848068,0.045958367,0.047349036,0.205673704,6.450522951
3.306418306,0.392216351,1.382072047,0.018807352,23.03022027,14.68436983,0.005591385,0.051643305,0.027957083,0.037163771,0.260067792,7.050820447
2.879210763,0.374579152,1.380730288,0.01835451,2.49016439,20.3449546,0.004729889,0.051082529,0.137511009,0.042983264,0.220119637,6.832503871
1.109099167,0.352036819,1.395552317,0.016709856,1.314782522,24.76479228,0.004446066,0.075780406,0.066270058,0.038928057,0.267133583,6.780256515
1.265222481,0.348013358,1.40404234,0.016635083,31.45096594,51.99999925,0.004973787,0.077604429,0.066941521,0.043906341,0.273056159,5.670582555
1.735688162,0.427956878,1.393141111,0.020085775,2.101230226,18.87915622,0.005742949,0.053436796,0.023438011,0.047816275,0.222594623,7.634716954
1.718870817,0.420945895,1.392644934,0.019376043,1.947085329,48.99970625,0.00589057,0.052965829,0.033827071,0.04809428,0.205100391,7.267266268
2.01054367,0.430544457,1.352137077,0.019927227,1.786821707,18.91886129,0.005930072,0.053350578,0.013020579,0.047934181,0.205100628,6.938701346
1.705401341,0.425273124,1.358580439,0.019465709,1.490185887,18.71102869,0.005924737,0.053036539,0.02000953,0.047863412,0.205100395,6.756558814
1.679322945,0.423441067,1.361756491,0.019299263,32.07814287,48.9999977,0.006031869,0.052965284,0.019815762,0.048138533,0.205100391,5.90877765
1.730993823,0.425180416,1.349542854,0.01949444,1.740950716,19.38299424,0.006029987,0.053033648,0.01503163,0.047907859,0.205100394,6.602339528
1.662554214,0.424327708,1.352378586,0.019312743,15.40626056,48.99956854,0.00611626,0.052965083,0.014087487,0.048151637,0.205100391,5.558654828
2.366438665,0.476510066,1.297098258,0.020015668,2.066165233,13.24208578,0.006724963,0.053177533,-0.003705392,0.046459936,0.205100336,7.090298531
1.358605865,0.424059099,1.321036535,0.019995594,1.547970398,18.46287764,0.005925467,0.053021624,-0.006300685,0.047772661,0.20510039,6.972599675
0.726748131,0.352873178,1.363376298,0.016774996,1.750199123,21.10184425,0.004718144,0.076769691,0.001086453,0.043104342,0.267239558,6.549747061
4.573902579,0.551650352,1.554115462,0.013690294,20.32878632,8.083060206,0.00103482,0.061094225,0.080152912,0.004412305,0.228023621,3.403402904
3.507735792,0.539491554,1.573837721,0.014490182,10.19407109,8.767441052,8.39E-04,0.061716873,0.080154516,0.0456847,0.228023905,4.801342913
3.687845394,0.534718338,1.568826667,0.013468982,8.960118333,35.01349148,8.13E-04,0.061300717,0.080153714,0.025478075,0.228023625,4.217766327
3.956339928,0.540948728,1.531623608,0.013951432,11.42031435,8.769433997,9.27E-04,0.061635247,0.080165605,0.039581779,0.228023791,4.601770558
3.987109565,0.536983003,1.539936711,0.01316058,8.80264921,4.99556437,9.04E-04,0.061293146,0.080159259,0.035504258,0.228023624,4.362010219
4.278151434,0.537154469,1.533874822,0.012986428,24.39348614,36,9.58E-04,0.061213355,0.080157652,0.018742885,0.228023621,3.819826319
4.543238988,0.516748479,1.472072026,0.013213587,17.30840632,8.715041767,0.001520457,0.061470156,0.080158676,0.030754667,0.228023582,3.581671083
4.144629177,0.535781328,1.496512619,0.013218208,18.85147546,8.42659888,9.06E-04,0.06127876,0.080155794,0.007300315,0.228023621,3.041046112
4.66396821,0.534858569,1.499309089,0.013105919,15.74650386,35.99999997,9.33E-04,0.061212253,0.080154353,0.005926945,0.228023621,2.900520788
-0.933404887,0.491020981,1.027091919,0.018763847,15.54055607,19,0.003724128,0.070149084,0.018967811,0.0066829,0.284440287,6.059338276
-0.46534025,0.430170279,1.33791483,0.015156151,20.5418872,26,0.003382057,0.069883814,0.018667435,0.006677491,0.294835734,5.834224139
4.374902351,0.518706178,1.513574301,0.013323148,9.998431684,9.639067792,5.42E-05,-0.026314813,0.025789373,0.006582805,0.163552879,7.76122569
2.599454861,0.421311813,1.584462582,0.016406443,7.692237198,11.69725037,4.17E-05,-0.023319504,0.026165615,0.007030341,0.260119158,7.903538523
4.291048052,0.49306833,1.603954194,0.013871168,11.4751362,24,5.58E-05,-0.027536263,0.025788642,0.007501697,0.163552906,7.38961462
4.118531036,0.615467003,1.607210548,0.017713949,11.92912143,9.58736299,4.33E-05,-0.028056309,-0.00289964,0.015665805,0.159682082,7.463400834
4.024474368,0.567054413,1.627387509,0.017452786,17.16137796,10.0997079,5.10E-05,-0.02712891,0.144637443,0.013453919,0.177448257,7.61146337
3.943732979,0.561781079,1.635302259,0.017095757,6.198800476,26,4.16E-05,-0.027528611,0.144636685,0.01425741,0.182137403,7.65421535
4.02775245,0.573688404,1.57920016,0.016724943,13.85898237,26,4.97E-05,-0.027536263,0.101359125,0.014856282,0.159682082,7.095424049
2.236204405,0.463836349,1.573886982,0.016129047,15.55484249,28,3.17E-05,-0.027095353,0.144640003,0.009759106,0.224590112,7.685249584
4.811807788,0.567301211,1.589851776,0.015571059,11.52869011,12.82085299,1.03E-04,-0.030021231,-5.22E-04,0.009961518,0.212109119,7.170488729
4.27556723,0.527492355,1.608126109,0.015725296,23.13739972,13.37124345,9.87E-05,-0.029220887,0.031963546,0.010260325,0.211706159,7.317272798
4.627202739,0.536352644,1.560199257,0.015294212,21.34657371,13.39382613,1.19E-04,-0.029263974,0.030773113,0.011318897,0.21210912,7.243486584
4.585527863,0.532741295,1.564321377,0.014971158,12.3323743,28,1.09E-04,-0.02956861,0.030769189,0.009751817,0.212109119,7.123912587
2.560786715,0.440170107,1.559699993,0.014685849,16.19810665,30,6.88E-05,-0.02919197,0.031328973,0.006550554,0.224590112,7.568428737
2.425460157,0.317766881,0.916882065,0.021441802,3.559007545,22.71345951,0.001242389,0.03611379,0.043777726,9.29E-04,0.238391388,4.851140381
0.548424471,0.305221993,0.918719342,0.021281712,1.767218925,32,0.00135015,0.036248343,0.040809146,5.04E-04,0.237496112,5.558304864
2.101510161,0.275790822,0.948768732,0.020559039,4.010141052,24.13524754,0.001216093,0.036153878,0.043861288,0.001279552,0.238364805,5.491358075
2.318868259,0.274156774,0.949008307,0.020395472,2.418506609,34,0.001759317,0.036296635,0.043474826,3.68E-04,0.237485518,5.750190391
3.010611347,0.327609864,1.186229106,0.022103318,3.586266757,34.24696939,0.003167532,0.060318642,0.003585323,0.001304093,0.239894303,5.336456115
2.033665173,0.260516313,1.011917204,0.019749362,4.521374877,36.73198309,0.001100823,0.036182498,0.005050858,0.001636808,0.238339041,5.538101478
0.961844381,0.259362725,1.013776221,0.019582601,22.53957391,36,0.00235274,0.036331494,0.004542466,2.52E-04,0.237475099,6.63748611
2.584610451,0.269274828,1.222557641,0.021262689,2.41234373,8.711481154,0.002841688,0.060325991,0.004980187,0.001136415,0.239864691,5.109672147
0.130615605,0.259140652,0.981396019,0.019758999,5.227357074,34.53944688,0.001257379,0.03468438,-8.68E-04,0.003617054,0.238296234,5.801342913
0.65854392,0.286564581,1.209484643,0.021295096,3.41704239,36.10808905,0.003022839,0.059802732,-0.003837796,0.001299615,0.239815463,5.719156157
0.574956354,0.355005822,1.21406355,0.021099189,23.25105422,36,9.70E-04,0.059998719,-0.002208919,0.00361643,0.238842477,5.977434172
0.20930482,0.225091264,0.938361888,0.019100704,5.486472056,35.47768807,0.001299132,0.036233386,0.04398663,0.001647208,0.238296234,5.977434172
0.613955007,0.30298815,0.939110053,0.018935013,19.40241933,37,0.001999636,0.036388994,0.043537967,2.26E-04,0.237468931,6.181554155
-0.236299158,0.250710555,1.159982133,0.020621159,3.352276769,37.06284606,0.003033664,0.060343509,0.001469326,0.001305634,0.239815463,6.267740302
2.753675176,0.273587424,0.889477203,0.019375227,3.186195103,32,0.002401433,0.039488142,0.040289478,0.002075896,0.18503744,5.041675068
3.020700853,0.243956489,0.919286576,0.018662106,4.080922778,30.77997667,0.003932762,0.039360642,0.045716784,0.009217026,0.185189311,5.342705064
2.453982725,0.242490573,0.921468065,0.018561507,3.557795369,34,0.002116046,0.039528681,0.043100709,0.001684727,0.185032511,5.601770558
2.679524945,0.311864296,1.150671569,0.020033688,3.48343639,16.6551188,0.002852566,0.055217208,0.003435381,0.001208276,0.228741876,4.994033434
3.819074859,0.245324871,0.983273435,0.017916076,4.705329604,15.26236783,0.001686367,0.039384464,0.004904522,0.004948905,0.185177273,5.011292439
2.263253305,0.209008306,0.986820318,0.017813492,4.46103975,35.99999999,0.001974817,0.039557726,0.004469366,0.001656957,0.185027665,5.719156157
3.049136022,0.281938331,1.187727292,0.019252207,3.947321187,16.14281204,0.00270237,0.055227022,0.004833817,0.001118389,0.228740331,5.152170377
2.595826249,0.31711986,1.195643447,0.019124841,5.099185707,36,0.003499604,0.055430437,0.004413826,0.008749777,0.228841483,5.538101478
1.448931002,0.203067607,0.955778075,0.017898002,4.40339092,32.5622324,0.003946646,0.038041979,-0.004605451,0.009194603,0.185157321,4.769934449
-0.137066389,0.197371608,0.96184261,0.01779729,3.864485965,36,0.001824291,0.038110273,-0.001353717,0.001213306,0.185024797,6.005462896
1.022457224,0.266309017,1.17411896,0.019256202,3.768126648,17.75613557,0.002475357,0.054557114,-0.010029991,9.00E-04,0.228739563,4.335217043
-0.041350138,0.233744232,0.948617403,0.019100704,4.068337686,30.71404742,0.003016434,0.036233386,0.04398663,0.003704538,0.238296234,5.362010219
0.258168319,0.184617619,0.91815852,0.017201562,4.050168555,36.99999999,0.001686205,0.039607427,0.04796749,5.13E-04,0.185024797,6.102372909
0.14290397,0.236687117,1.129257842,0.018639273,3.990005551,18.30782008,0.002548256,0.055249129,-0.009236185,0.001091549,0.228739563,5.801342913
-0.857597991,0.700245434,1.230959989,0.024480611,2.781445442,0,0,0,0.015539834,0.004247582,0.156455097,4.392679039
-0.181479387,0.631779169,1.233913818,0.021670342,12.01498659,20.56959102,3.31E-06,-0.021767116,0.121323906,0.004171022,0.156329414,4.18591896
-0.331631552,0.642744092,1.233580308,0.022919087,13.43021397,12.45094875,8.21E-06,-0.01905177,0.067320006,0.004507348,0.190153353,4.116161193
-1.506220479,0.547065257,1.280070519,0.018614828,4.310549385,28,2.78E-05,0.069571306,0.088556699,0.004046281,0.277903389,5.607522887
-0.932595827,0.636291594,1.157337585,0.02331752,7.845712447,26,5.17E-07,0.001439988,0.088001933,0.004228358,0.183856351,4.801342913
-0.83766843,0.673146371,1.200944058,0.022995275,2.442464127,0,0,0,0.115131758,0.004243702,0.156327303,3.905092351
-0.726706227,0.68274011,1.213321603,0.02414404,13.83715626,0,0,0,0.019313466,0.004600097,0.202115779,3.786664898
-0.912165488,0.670953147,1.219283616,0.022793436,17.63510948,0,0,0,0.117078974,0.004231811,0.169497603,5.051220386
-0.929050359,0.670502103,1.221229925,0.02368856,1.805952031,0,0,0,0.040769345,0.0042669,0.184307346,4.801342913
-0.657345791,0.667116078,1.16578868,0.023734909,6.583907332,25,1.30E-07,-0.00153188,0.049138766,0.004209515,0.156285204,4.500312917
-0.638564187,0.678285549,1.134455379,0.023903382,3.529455295,0.693049877,1.72E-07,5.85E-04,0.015189593,0.004538347,0.156154329,4.333365038
-0.585358125,0.667916839,1.161369721,0.023767137,2.606148847,18.0229823,8.61E-08,-0.001309155,0.057359967,0.004244515,0.156070429,4.289459552
-0.94017127,0.664848149,1.284044131,0.022744554,16.08662519,0,0,0,0.123473031,0.00418203,0.191606104,6.07604397
-0.796167059,0.675445975,1.315093759,0.023919113,2.202078811,0,0,0,0.035820806,0.004540218,0.23483808,5.829371637
3.156227326,0.45805875,1.421533843,0.032994836,8.969252871,14.0240144,0.001579931,0.037454729,0.008220702,0.003680414,0.414567323,4.572722603
2.376761428,0.422332137,1.525917679,0.032023341,10.16686828,13.73445529,0.005514956,0.037017906,0.029734118,0.004449327,0.414497882,5.180315083
2.976523071,0.409106373,1.535133213,0.031822705,8.060026014,33,0.004336802,0.036790675,0.032609928,0.002423066,0.414570216,4.877433082
3.054422971,0.414538665,1.496512466,0.031876637,7.73829713,32.70633222,0.004296932,0.036997911,0.019945083,0.002436408,0.414569635,5.189695458
3.11532135,0.400563916,1.494786015,0.029590898,10.02770664,34.68988856,0.003805769,0.038256431,0.01673305,0.002464275,0.414566749,5.144697223
3.07087375,0.416037344,1.486290322,0.031857046,7.154237226,32.70633086,0.004353051,0.036990493,0.014985357,0.002457501,0.414569635,4.634131105
2.002330048,0.37825055,1.478640127,0.029995282,4.086736971,37.62985879,0.003016104,0.038769206,0.018575102,0.002220377,0.414565601,5.400311827
4.922613584,0.37487379,0.928516293,0.017687624,17.80197174,45,6.77E-04,0.006031401,0.005656718,0.004986479,0.285733268,4.338009943
0.530297363,0.411259441,0.911951109,0.016514913,29.92836642,40.12334587,7.45E-04,-0.010932313,0.001864591,0.012314178,0.25858957,4.875129127
-0.281007644,0.32787218,0.999031776,0.02089085,6.07932929,42.99999815,0.001835851,-0.021776767,0.054865665,0.072449262,0.258570868,4.908552883
-0.535697851,0.33412211,0.97063209,0.02281876,4.328034397,40.10166352,0.001760339,-0.023825097,0.063901228,0.033277945,0.195149307,4.253414448
-0.117457858,0.329889028,0.98216716,0.021607032,36.21422968,42,0.001865597,-0.021440401,0.049224826,0.070417607,0.180924362,5.209582878
2.711786796,0.28774274,0.995398664,0.020186501,43.77173691,44,0.001025052,-0.02176174,0.056004159,0.026729363,0.218688707,4.486948956
2.270974063,0.298438904,1.010371916,0.021987191,4.518710841,45.66649758,0.0014057,-0.020696538,0.034700452,0.055113338,0.2856508,4.762424847
-0.454024574,0.4374827,1.149711714,0.02133952,9.656719264,42.99178018,1.15E-04,0.015536565,0.032913068,0.003418321,0.3452401,5.829371637
-0.397752043,0.462364143,1.164517023,0.018932337,8.645574462,40.96101094,7.50E-04,-0.01828872,0.131299491,0.014682458,0.230114667,4.966048777
4.848503573,0.380463637,0.909253654,0.016029985,25.74722945,45,5.99E-04,-0.011429924,0.011582405,0.006625424,0.221036804,4.507152342
-0.204093632,0.436725263,0.863004054,0.018882539,12.57169738,31.31805205,5.95E-04,-0.02334222,0.002074018,0.0041562,0.180634094,3.996862724
-0.030342268,0.267016289,0.995496858,0.017298871,15.72029837,52,9.19E-04,-0.020020323,0.057562631,0.019552495,0.18092057,4.189221596
5.473598706,0.366237272,0.912514127,0.015640478,42.48013828,43,5.23E-04,-0.01088875,0.011581722,0.009099657,0.218711896,4.242034902
2.551454886,0.468324382,0.918574787,0.014928795,8.171363913,38.76563531,2.21E-04,-0.024311023,0.020620803,0.002209448,0.221207107,4.036979947
0.473823887,0.454932693,1.06563726,0.01497599,4.506489372,37.42261775,5.23E-04,0.013953403,0.001849359,1.33E-05,0.230135091,5.102372909
-0.599338341,0.336336716,0.807953897,0.015193887,32.36997369,57.99999992,5.30E-04,-0.015378737,0.001698196,2.63E-04,0.142216918,3.8881916
-0.122550069,0.326313377,0.984284097,0.023896714,7.331103529,42.99997363,0.001726097,-0.020426014,0.063900954,0.054646998,0.229559167,5.607522887
1.017367,0.364315444,0.905007509,0.019832469,10.36765712,41.96572365,7.94E-04,0.008199786,0.001865672,0.011243533,0.229540577,5.352250382
-0.435504951,0.308022516,1.110821411,0.016915352,2.40564422,34.81659297,0.001610718,0.042823036,0.099979493,0.00249059,0.212447089,5.846552398
-0.524974498,0.320122667,1.019186818,0.017380963,2.065587807,26.11611524,0.001588826,0.040992211,0.093582356,0.001594598,0.304498481,5.698161391
-0.441455281,0.309736811,1.045692845,0.017350132,2.016025992,24.91169297,0.00154758,0.04089045,0.093550725,0.001211331,0.212443097,7.038255409
-0.392542333,0.309847477,1.065087979,0.017125523,17.93011095,36.73291049,0.001545006,0.040756154,0.095886023,0.006878575,0.212442955,6.222079118
-0.456436385,0.391613147,1.004756665,0.014470464,2.241947494,19.25099554,8.59E-04,0.040727578,0.09357664,0.001975025,0.212275119,6.194375587
-0.33714794,0.326208641,1.025988993,0.016233055,8.348535574,37.72976694,0.001429042,0.040751596,0.093562216,0.006299188,0.254565933,5.431115892
-0.362651845,0.331912522,1.014045801,0.016211971,8.513067918,37.72902121,0.001452462,0.040749884,0.093567444,0.007614609,0.260372943,5.491519253
-0.490878254,0.30478251,1.05876186,0.017065509,21.55455268,38.99988498,0.00147183,0.040868855,0.093572804,0.00365083,0.212354818,6.184724202
-0.505202722,0.298677027,1.081592106,0.018019716,2.104286241,26.22509924,0.001497601,0.041243865,0.0935534,0.001490476,0.308240642,5.889701141
-0.997080002,0.50487292,1.079837899,0.016424092,7.447602173,3.265949146,1.13E-04,-0.016585929,0.013457383,0.00181161,0.28745595,5.692198444
-0.959517323,0.476253184,1.067922761,0.017295499,5.047283565,2.857148816,1.05E-04,-0.016586126,0.026116244,0.001608491,0.288073359,5.485072951
-0.999297405,0.429376965,1.113698303,0.016609555,7.231948142,6.128235125,1.23E-04,-0.0219075,0.038483195,0.002742435,0.284524035,5.607026834
-0.979626299,0.426701978,1.118645453,0.015666559,6.805158301,5.333790077,1.29E-04,-0.021907407,0.063287719,0.005976374,0.286071119,5.409651854
3.705528576,0.307248534,1.34994402,0.026821555,23.35315135,9.330733918,0.0090422,-0.026200516,-0.002899873,0.025423396,0.470700408,6.966576245
3.680763963,0.296522155,1.326217931,0.025214971,12.98371524,10.02405972,0.007939811,-0.023001131,0.012921954,0.02459186,0.470700598,6.943095149
3.633045934,0.300136214,1.296424478,0.025415796,17.34900919,38.99999996,0.007939354,-0.02558056,-0.01133114,0.022824415,0.470700408,7.086186148
3.549588445,0.29890063,1.32344465,0.024649064,6.900520189,9.677951362,0.008018467,-0.025148173,0.014967717,0.023061202,0.470700411,6.978810701
3.483874295,0.298776188,1.326797742,0.024539873,27.41551286,39,0.008270647,-0.025574412,0.013985634,0.023957057,0.470700408,6.962573502
4.330128751,0.26397509,1.220438463,0.024274564,39.89216417,40.99999875,0.012382602,-0.023497968,0.044214796,0.018524737,0.470700364,7.036212173
-0.227318524,0.453929151,1.090916168,0.019513761,3.154355833,26.07384538,0.01275729,0.053241759,0.085655612,0.029367282,0.360642618,4.750190391
-0.428004801,0.446299228,1.047537819,0.018446529,18.70619171,18.83636054,0.013073068,0.05324176,0.052861672,0.03411623,0.363039967,4.693709035
-0.552240651,0.435340189,1.008958615,0.017533457,3.127687589,19.89283779,0.012803305,0.05324176,0.030938518,0.036978133,0.363408629,4.622096413
-0.745969275,0.492111641,1.103685293,0.015866945,8.942536635,36.99999383,0.005231397,0.060798121,0.119335406,0.088473172,0.253418744,5.836670875
-0.179968467,0.502121323,1.080722537,0.015421393,25.02650076,38,0.005160854,0.060798636,0.054430251,0.092352287,0.253418733,5.010925791
-0.782226546,0.435988601,1.030606482,0.017990692,4.923630115,33.99993479,0.002582732,0.041577066,0.120375388,0.017183119,0.251752147,6.99473903
-0.44380373,0.456816449,1.011860104,0.017683221,4.991586986,11.27124569,0.002465175,0.041643055,0.110160924,0.012170958,0.25292875,5.883247017
-1.006046644,0.465890496,1.009926973,0.017331847,3.778454664,32.22960533,0.003927229,0.041643055,0.110160924,0.019122555,0.25292875,7.653280378
-1.135424551,0.454943473,0.988924956,0.01673591,10.26498794,36,0.002185191,0.041663676,0.092647399,0.016345185,0.253215754,6.33568128
-1.380092397,0.450398765,0.914446003,0.014911459,5.079149687,13.62246545,0.001782232,0.041669506,0.014099322,0.015346674,0.253314559,5.192549539
0.889712412,0.449729178,1.121966817,0.020648345,1.323297055,27.68804333,0.011186127,0.050653673,0.11652373,0.021778193,0.302635898,6.663040215
-0.298805841,0.448604343,1.075081484,0.019374465,1.2872707,34.33526827,0.01268803,0.05065767,0.090172522,0.027990383,0.308829379,7.528341641
1.240087075,0.630831844,1.41042528,0.01604689,18.25609967,11.78704506,0.002372119,-0.023222565,0.018469398,0.015767342,0.280882759,4.422037395
1.583692972,0.657071991,1.457063786,0.01709603,14.34588966,10.42430205,0.001803016,-0.02503563,0.020433566,0.048262692,0.280882759,5.977434172
1.84809284,0.658033406,1.415027408,0.016734199,16.43660871,10.42430117,0.00201232,-0.025521529,0.012878618,0.041906935,0.280882759,5.693003438
1.961045534,0.655343292,1.423549948,0.016258916,5.963307025,10.08440092,0.001945877,-0.027368589,0.019881395,0.037344675,0.280882759,5.687399561
1.949774738,0.654861493,1.427004813,0.016168374,16.99892822,41,0.002007222,-0.027761582,0.019596966,0.022990795,0.280882759,4.247257748
2.025535445,0.658339348,1.399215206,0.016709342,27.50578875,10.42430079,0.002157407,-0.025702975,0.00864874,0.036537473,0.280882759,5.740645073
2.006246139,0.655439215,1.417560067,0.016153123,29.70306053,41,0.002123619,-0.027762532,0.01394088,0.019823212,0.280882759,4.095336739
2.611359625,0.645944993,1.362058434,0.016536091,14.19410706,10.41781362,0.003382836,-0.026447799,0.001735012,0.023394228,0.280882759,5.152982902
1.768090485,0.654493279,1.386682578,0.016552211,24.70425542,10.08435063,0.001916517,-0.027440536,0.001735012,0.007494751,0.280882759,4.318469329
2.01499128,0.653826879,1.389484054,0.016462067,20.65182051,40.99999996,0.00198325,-0.027767891,0.001735012,0.00593906,0.280882759,4.049678967
1.942487929,0.643292807,1.382379917,0.015627349,22.28179328,44,3.76E-04,-0.026685284,0.020433777,0.003291602,0.280878116,3.842460632
2.706320319,0.676832305,1.419931457,0.016449609,6.296578823,42,4.00E-04,-0.02715181,0.02043377,0.003310075,0.280878116,5.289459552
2.800380187,0.678634749,1.389231949,0.016288709,15.00873333,42,4.09E-04,-0.02715441,0.019694096,0.003312578,0.280878116,4.121158537
2.850005862,0.679151534,1.37988149,0.016275315,13.69559529,42,4.15E-04,-0.027155364,0.01400591,0.003313187,0.280878116,4.034806141
-0.394856335,0.629620396,1.365518681,0.024765593,13.75492005,5.721898494,4.06E-04,0.008046395,0.081794955,0.010698947,0.360530937,5.969747343
-0.067252481,0.571967626,1.400979798,0.01989668,18.23508663,19.71720269,5.04E-04,0.065341224,0.06776626,0.010579411,0.354796075,5.199282922
0.531725594,0.584144468,1.340903925,0.023263105,7.906660938,9.786707433,4.91E-04,-0.022270782,0.067891598,0.010606607,0.354563372,4.317551913
0.789350332,0.610215217,1.362932491,0.022874299,14.74515863,9.534277677,4.64E-04,-0.02070927,0.081227445,0.01059948,0.36537129,4.381033457
3.65E-04,0.609774874,1.402919932,0.022618914,2.686658796,26.99495852,4.61E-04,0.034259685,0.081351801,0.010601409,0.345824937,5.947470949
-0.046536415,0.642505433,1.393636743,0.024760169,8.033920751,6.901872253,4.06E-04,0.008047073,0.015654129,0.010681754,0.371365195,4.539230983
1.905803499,0.540826933,1.327764089,0.019208028,26.20692165,32.21020309,5.13E-04,0.009494096,-0.125565533,0.010258627,0.360485611,4.372283104
1.069928823,0.662086839,1.48995763,0.032303265,2.917266642,20.30685814,2.05E-04,0.008038039,0.036763832,0.011315308,0.406899514,5.947470949
3.042594093,0.588974881,1.370895126,0.022034657,7.874632932,7.741113494,3.45E-04,0.008046221,0.081324737,0.010568468,0.353155608,5.68029922
1.505210916,0.592549631,1.19847591,0.02289524,7.255184516,27.99991769,4.37E-04,0.008639796,0.032580813,0.010604654,0.364458999,5.635717088
-0.203643223,0.627661905,1.320350067,0.024450767,7.160538233,25.99992548,4.24E-04,0.008029434,0.067739935,0.010668855,0.359747231,4.447783866
0.228775219,0.627223466,1.42987832,0.023593374,5.148844996,4.057239255,3.85E-04,0.008046395,0.081005589,0.010653391,0.361257461,6.018052023
0.193629815,0.629114005,1.427046947,0.025280032,5.056068584,6.171621147,3.95E-04,0.008045042,0.06771413,0.010678498,0.364785907,5.540930768
-0.290757037,0.443899993,1.402306965,0.027876001,3.449501657,28.43095266,5.50E-05,0.008030677,0.050120829,0.011286343,0.338961847,4.49799255
2.264974883,0.4840144,1.480779797,0.023006263,15.62000008,18,0.001278786,0.063621174,0.036388323,0.010816822,0.246024312,5.956244873
0.718060907,0.403751631,1.207117129,0.021357511,5.318636064,22,4.19E-04,0.064415856,0.004048028,0.007738996,0.24520724,6.065389342
5.790353866,0.525926466,1.271651291,0.022707758,2.96501882,9.912755687,4.18E-04,0.033546182,0.001897561,2.23E-05,0.193214588,5.25111456
-0.748710046,0.182705535,0.969656574,0.03094342,22.11050328,26.8578024,0.002508315,0.015127322,-0.00380038,0.002160463,0.368193269,3.557065792
-1.149911485,0.236500728,0.894932256,0.028946094,9.751689192,26.53672069,0.002291721,0.014730096,-0.010671861,0.016358813,0.36794754,3.755042893
-1.3295987,0.228090677,0.888249989,0.029256666,12.45356288,28.9527494,0.002368755,0.014579437,-0.005978273,0.020891839,0.367772476,3.085339569
-1.006382417,0.21525044,1.032878972,0.026874122,6.258733798,27.86246375,0.00442118,0.014750953,0.029086549,0.052611652,0.367983147,4.100206847
-0.939889965,0.215549709,0.945046701,0.027691907,4.88582261,29.36940526,0.004779109,0.014689335,0.013279433,0.066941904,0.367920225,4.037914919
-0.928882604,0.201277134,0.965205856,0.025834947,7.382411436,31.37592838,0.003874218,-0.02362182,0.028068192,0.060947512,0.367893347,3.694982004
-1.130383379,0.222011667,1.07285274,0.027667355,5.326261467,27.86253,0.00444855,0.01475023,0.025954844,0.052798615,0.367980616,3.532998999
-1.113451979,0.31399929,0.944789022,0.03129363,9.226236215,16.30596507,0.00751006,0.014646403,-0.010623708,0.014941651,0.310770565,3.1755162
-1.266732086,0.361464423,0.958393556,0.029400263,8.462091853,16.30596284,0.004801663,0.014660244,0.005533427,0.011790668,0.311179403,3.354184882
-0.880731114,0.284790537,1.085321295,0.029636712,6.192939646,17.43703025,0.003301475,0.014659917,0.035321445,0.021019332,0.310469115,3.499770388
-0.868212437,0.273257958,1.018932384,0.0274933,5.586262027,18.94366743,0.003295337,-0.023653698,0.031939691,0.009269756,0.3101761,4.210278306
-1.130734912,0.296943298,1.138838678,0.029752828,8.284089778,16.30596251,0.00323676,0.014666659,0.038032228,0.016049731,0.311740513,3.672620629
2.859245255,0.450163329,0.924457032,0.019731339,2.946690127,42.99972404,0.006948059,-0.001640012,0.013646201,0.009747314,0.297640661,5.148130399
3.785908374,0.377722972,0.915152667,0.019712301,2.51178582,36.27421951,0.00697878,-0.001460696,0.013649262,0.009699328,0.297615881,3.486072478
2.979464128,0.445379354,0.924069438,0.019733872,2.48876322,43.99954497,0.007011279,-0.001561496,0.013647221,0.009758539,0.297635339,4.936041487
2.582438703,0.435015773,0.980013233,0.018639395,1.690160636,18.58406028,0.006820984,-0.021336678,0.015262305,0.009715857,0.297639912,4.044200043
2.940672566,0.386619935,0.950804402,0.021206064,-0.415284879,34.85137801,0.007982216,-9.49E-04,0.0154585,0.009283978,0.297732965,3.247055704
2.909543865,0.414174995,0.942216986,0.019007514,29.7642638,46.91156056,0.006276336,-0.019241575,0.014335857,0.01426184,0.295910459,3.386369565
3.364661936,0.403204832,0.9901537,0.021089702,7.460015269,8.812434877,0.006644021,-9.85E-04,0.001423312,0.016028525,0.29613786,3.827445716
2.439478815,0.432306049,0.95709138,0.020108602,7.665902794,44.99992635,0.006458444,-0.001651785,0.014310303,0.015987055,0.29613327,4.442773596
